1,Systems Analyst,IT Consulting
2,Smart Contract Developer,IT Management
3,Graphic Designer,UI/UX & Design
4,Embedded Systems Engineer,Software Development
5,Business Analyst (IT),IT Management
6,System Administrator,Software Development
7,Big Data Engineer,DevOps & Cloud
8,Hardware Engineer,Mobile App Development
9,IT Support Specialist,IT Consulting
10,QA Engineer,IT Management
11,Cloud Security Engineer,UI/UX & Design
12,ERP Consultant,UI/UX & Design
13,IT Manager,DevOps & Cloud
14,Graphic Designer,Networking
15,IT Consultant,Cybersecurity
16,Data Analyst,IT Management
17,Security Engineer,Database Management
18,Project Manager (IT),UI/UX & Design
19,Software Engineer,Software Development
20,AI Engineer,Software Testing & QA
21,Wireless Network Engineer,Software Testing & QA
22,Wireless Network Engineer,Networking
23,AI Engineer,IT Management
24,Wireless Network Engineer,Cybersecurity
25,Cybersecurity Analyst,DevOps & Cloud
26,Automation Tester,Software Testing & QA
27,Machine Learning Engineer,Software Development
28,UI/UX Designer,Cybersecurity
29,Cybersecurity Analyst,DevOps & Cloud
30,Automation Tester,Blockchain & Web3
31,IT Support Specialist,DevOps & Cloud
32,QA Engineer,Game Development
33,Hardware Engineer,DevOps & Cloud
34,Data Analyst,DevOps & Cloud
35,DevOps Engineer,Cybersecurity
36,Project Manager (IT),Software Development
37,Software Architect,Mobile App Development
38,IT Auditor,IT Management
39,Cloud Engineer,Software Development
40,Full Stack Developer,DevOps & Cloud
41,Digital Forensics Analyst,IT Hardware
42,Full Stack Developer,DevOps & Cloud
43,Security Engineer,Cybersecurity
44,Data Analyst,Blockchain & Web3
45,Game Developer,Software Development
46,Firmware Engineer,Mobile App Development
47,Blockchain Developer,Data Science & AI
48,Wireless Network Engineer,IT Management
49,Business Analyst (IT),Mobile App Development
50,System Administrator,Cybersecurity
51,Cloud Architect,Networking
52,CRM Specialist,IT Infrastructure
53,Software Engineer,Cybersecurity
54,IoT Engineer,Networking
55,Graphic Designer,Networking
56,Automation Tester,Software Testing & QA
57,Blockchain Developer,Cybersecurity
58,Penetration Tester,IT Infrastructure
59,Graphic Designer,Mobile App Development
60,IT Consultant,DevOps & Cloud
61,Game Developer,Cybersecurity
62,Full Stack Developer,Data Science & AI
63,Scrum Master,Software Development
64,Embedded Systems Engineer,IT Security & Compliance
65,Embedded Systems Engineer,Software Development
66,IT Auditor,Cybersecurity
67,Cybersecurity Analyst,IT Support
68,Mobile Developer,IT Management
69,Automation Tester,Cybersecurity
70,Systems Analyst,Blockchain & Web3
71,IT Support Specialist,IT Consulting
72,iOS Developer,Cybersecurity
73,Cloud Engineer,Blockchain & Web3
74,DevOps Engineer,IT Management
75,AI Engineer,IT Management
76,IT Consultant,Cybersecurity
77,CRM Specialist,IT Support
78,Frontend Developer,Cybersecurity
79,DevOps Engineer,Mobile App Development
80,Cloud Architect,DevOps & Cloud
81,Digital Forensics Analyst,IT Consulting
82,IT Consultant,IT Consulting
83,Site Reliability Engineer,Software Development
84,Data Scientist,IT Support
85,Help Desk Technician,Cybersecurity
86,Cloud Architect,DevOps & Cloud
87,Site Reliability Engineer,IoT & Embedded Systems
88,Security Engineer,Data Science & AI
89,Software Engineer,IT Support
90,IT Consultant,Software Development
91,Big Data Engineer,DevOps & Cloud
92,Project Manager (IT),Data Science & AI
93,IT Auditor,IT Management
94,Technical Support Engineer,Database Management
95,Database Administrator,Mobile App Development
96,IT Consultant,Software Development
97,IT Manager,UI/UX & Design
98,IT Consultant,Data Science & AI
99,Project Manager (IT),Software Development
100,Data Analyst,IoT & Embedded Systems
